{
    "adult": false,
    "backdrop_path": "/nL1Q0micYpF5nNkaI2ZNeLuOLGZ.jpg",
    "belongs_to_collection": {
        "id": 9485,
        "name": "The Fast and the Furious Collection",
        "poster_path": "/uv63yAGg1zETAs1XQsOQpava87l.jpg",
        "backdrop_path": "/z5A5W3WYJc3UVEWljSGwdjDgQ0j.jpg"
    },
    "budget": 125000000,
    "genres": [
        {
            "id": 28,
            "name": "Action"
        },
        {
            "id": 53,
            "name": "Thriller"
        },
        {
            "id": 80,
            "name": "Crime"
        }
    ],
    "homepage": "http://www.watchvideoseries.com/movies/fast-five-2011-2/",
    "id": 51497,
    "imdb_id": "tt1596343",
    "original_language": "en",
    "original_title": "Fast Five",
    "overview": "Former cop Brian O'Conner partners with ex-con Dom Toretto on the opposite side of the law. Since Brian and Mia Toretto broke Dom out of custody, they've blown across many borders to elude authorities. Now backed into a corner in Rio de Janeiro, they must pull one last job in order to gain their freedom.",
    "popularity": 2.185,
    "poster_path": "/cA81CI8odKv5KHRUUzJbj83yN7c.jpg",
    "production_companies": [
        {
            "id": 333,
            "logo_path": "/5xUJfzPZ8jWJUDzYtIeuPO4qPIa.png",
            "name": "Original Film",
            "origin_country": "US"
        },
        {
            "id": 33,
            "logo_path": "/8lvHyhjr8oUKOOy2dKXoALWKdp0.png",
            "name": "Universal Pictures",
            "origin_country": "US"
        },
        {
            "id": 1225,
            "logo_path": null,
            "name": "One Race",
            "origin_country": "US"
        }
    ],
    "production_countries": [
        {
            "iso_3166_1": "US",
            "name": "United States of America"
        }
    ],
    "release_date": "2011-04-20",
    "revenue": 626137675,
    "runtime": 130,
    "spoken_languages": [
        {
            "iso_639_1": "en",
            "name": "English"
        },
        {
            "iso_639_1": "es",
            "name": "Español"
        },
        {
            "iso_639_1": "pt",
            "name": "Português"
        },
        {
            "iso_639_1": "it",
            "name": "Italiano"
        }
    ],
    "status": "Released",
    "tagline": "Get the Fifth Gear.",
    "title": "Fast Five",
    "video": false,
    "vote_average": 7.2,
    "vote_count": 4425
}
